StudentID,Name,Math,Science,English,Total,Average,Percentage,Rank
S001,Asha,92,88,76,256,85.33333333333333,85.33,2
S002,Rahul,85,90,90,265,88.33333333333333,88.33,1
S003,Priya,92,85,88,265,88.33333333333333,88.33,1
S004,Vikram,70,75,80,225,75.0,75.0,3
S005,Neha,92,88,76,256,85.33333333333333,85.33,2
